<?xml version="1.0" encoding="UTF-8"?>
<project-private xmlns="http://www.netbeans.org/ns/project-private/1">
    <editor-bookmarks xmlns="http://www.netbeans.org/ns/editor-bookmarks/2" lastBookmarkId="0"/>
    <open-files xmlns="http://www.netbeans.org/ns/projectui-open-files/2">
        <group>
            <file>file:/C:/Users/asyfa/Downloads/ASTORNAUT_BAKERY/src/Sweet%20Cupcakes%20Bakery%20Facebook%20Cover.png</file>
            <file>file:/C:/Users/asyfa/Downloads/ASTORNAUT_BAKERY/src/ITEM.java</file>
            <file>file:/C:/Users/asyfa/Downloads/ASTORNAUT_BAKERY/src/BILL.java</file>
            <file>file:/C:/Users/asyfa/Downloads/ASTORNAUT_BAKERY/src/damask-vintage-pattern-background.jpg</file>
            <file>file:/C:/Users/asyfa/Downloads/ASTORNAUT_BAKERY/src/SALES.java</file>
            <file>file:/C:/Users/asyfa/Downloads/ASTORNAUT_BAKERY/src/Classes/ItemTable.java</file>
            <file>file:/C:/Users/asyfa/Downloads/ASTORNAUT_BAKERY/src/LIST.java</file>
            <file>file:/C:/Users/asyfa/Downloads/ASTORNAUT_BAKERY/src/Classes/Login.java</file>
            <file>file:/C:/Users/asyfa/Downloads/ASTORNAUT_BAKERY/src/40149476-bakery-wallpapers.jpg</file>
            <file>file:/C:/Users/asyfa/Downloads/ASTORNAUT_BAKERY/src/START2.java</file>
            <file>file:/C:/Users/asyfa/Downloads/ASTORNAUT_BAKERY/src/Classes/AdminTable.java</file>
            <file>file:/C:/Users/asyfa/Downloads/ASTORNAUT_BAKERY/src/new-32.png</file>
            <file>file:/C:/Users/asyfa/Downloads/ASTORNAUT_BAKERY/src/Classes/JConnect.java</file>
            <file>file:/C:/Users/asyfa/Downloads/ASTORNAUT_BAKERY/src/CASHIER.java</file>
            <file>file:/C:/Users/asyfa/Downloads/ASTORNAUT_BAKERY/src/ADMIN_LOGIN.java</file>
            <file>file:/C:/Users/asyfa/Downloads/ASTORNAUT_BAKERY/src/CASHIER_LOGIN.java</file>
            <file>file:/C:/Users/asyfa/Downloads/ASTORNAUT_BAKERY/src/Classes/CashierTable.java</file>
            <file>file:/C:/Users/asyfa/Downloads/ASTORNAUT_BAKERY/src/Admin_Menu.java</file>
            <file>file:/C:/Users/asyfa/Downloads/ASTORNAUT_BAKERY/src/simple-vintage-backgrounds-17271-17827-hd-wallpapers.jpg</file>
        </group>
    </open-files>
</project-private>
